,Metric,Roberta_base,Roberta_large,BART,deberta_base_nli,deberta_large_zeroshot
0,Exact Match,0.6296296296296297,0.6592592592592592,0.2518518518518518,0.2074074074074074,0.4666666666666667
1,Top 3 Accuracy,0.8444444444444444,0.8592592592592593,0.6,0.562962962962963,0.8222222222222222
2,Ranked Score,0.7246913580246914,0.7493827160493827,0.3975308641975308,0.3617283950617284,0.6246913580246914
3,NDCG@3,0.7554641875396867,0.777686409761909,0.44920232656085174,0.4133108359523872,0.6754796452910122
